twitter_link,text,date,likes,comments
https://twitter.com/ActionBitters/status/1756366702546493472#m,"Final AFCON Action, Predict the final score between Nigeria and Ivory Coast tomorrow to win our prize.   #ActionBitters #iChooseAction #TakeAction #ActionGeng #Afcon","Feb 10, 2024 Â· 5:17 PM UTC",26,48
https://twitter.com/MohammedSanogo/status/1756264246248169815#m,Ne perdons pas de vue l'objectif. #mohammedsanogo #JESUS #afcon #can2023,"Feb 10, 2024 Â· 10:30 AM UTC",630,5
https://twitter.com/DejiAdesogan/status/1756284247671746956#m,"""Captain @Ahmedmusa718 is special &  important to the team. He is my assistant, he advises me, he gives me the necessary support. He is committed in his role & he can play. We shall wait & see tomorrow, but we want to win the #AFCON for Musa to lift the trophy""-Coach Peseiro ğŸ¦…ğŸ‡³ğŸ‡¬","Feb 10, 2024 Â· 11:49 AM UTC",891,14
https://twitter.com/ssozinha_/status/1756337607338779047#m,If you donâ€™t know whatâ€™s happening in DR Congo ğŸ‡¨ğŸ‡© and why the national players protested at #AFCON read this and share with your circles. Keep amplifying #FreeCongo #CongoIsBleeding https://www.uncoverplatform.com/post/why-did-the-dr-congo-players-protest-at-afcon-24,"Feb 10, 2024 Â· 3:21 PM UTC",32,0
https://twitter.com/infinixuganda/status/1756202155537539118#m,Itâ€™s the FINALSğŸ˜ Predict the correct score before kickoff  in tomorrowâ€™s #AFCON finale & stand a chance to win limited edition gifts. #AFCON T&C * Retweet  * Correct prediction winners will be RANDOMLY selected.  *Predict as many times as you can to increase your chances,"Feb 10, 2024 Â· 6:23 AM UTC",166,257
https://twitter.com/NigeriaStories/status/1756308343805673940#m,"The last time Nigeria ğŸ‡³ğŸ‡¬ won AFCON was 2013. Nigeria defeated Burkina Faso 1-0 to win their third Africa Cup of Nations (#AFCON), sparking wide celebrations across Nigeria ğŸ‡³ğŸ‡¬   We pray it happens again tomorrow ğŸ™ğŸ¾  #AFCON2023 #SuperEagles #AFCONFinal","Feb 10, 2024 Â· 1:25 PM UTC",4801,50
https://twitter.com/StanleyOkolie9/status/1756395353044115947#m,"At the group stages, I said to myself; if by some chance we make it to the finals, the trophy is coming home.  WHY? Cos we have the most die-hard mentality of any people. These boys will spend it all tomorrow night. That NO GREE FOR ANYBODY will be on full display.  ğŸ”¥ğŸ”¥ğŸ”¥ #AFCON","Feb 10, 2024 Â· 7:10 PM UTC",0,0
https://twitter.com/KelechiAFC/status/1756280196552925440#m,Local Man vibes last night at the Super Eagles camp and at the BAL in Abidjan event  Good to see the boys in high spirits and nice to link up with Legends Didier Drogba and Khalilou Fadiga. We bring the trophy home tomorrow ğŸ™  #supereagles #afcon #nigeria #ivorycoast #afcon2023,"Feb 10, 2024 Â· 11:33 AM UTC",92,6
https://twitter.com/osasuo/status/1756046472955478019#m,"This is what a person, once very high-up in @thenff, has sent to me this evening. I will publish his words verbatim, but with some editing, for grammatical reasons:   â€œOsasu, good evening. I you are enjoying the #AFCON IN CIV, with its full share of surprisesâ€¦ I understand BAT (@officialABAT) is coming with a delegation comprising governors, members of @nassnigeria and other hangers-on, to watch the #TotalEnergiesAFCON2023 final, with billions [of Naira] going to service their needs, to the detriment of the poor in the country. Those characters must begin to give sports in Nigeria its rightful place and FUND its development sufficiently well, because it is the only thing that brings pride to our nation in the comity of nationsâ€¦ Imagine that the whole sports budget for 2024 being a paltry 28 billion Naira a year, the lowest of any Ministry. How on earth do you provide facilities, discover and develop talent, run competitions, etc with that â€œchicken changeâ€? Government must do a supplementary budget after the AFCON win on Sunday(hopefully) to at least 150 Billion for this year, increasing yearly to reach 250 Billion in 2027. Even at that,the allocation would not be in the top 10 ministries!! Find a way to get this across to @NigeriaGov, in your usual precise presentation.â€","Feb 9, 2024 Â· 8:04 PM UTC",587,74
https://twitter.com/osasuo/status/1756049106814882215#m,"And he has more to say:   â€œQuestions must be asked of @thenff, as to how they intend to spend the $7million should we win the #AFCON on Sunday. If it were #Morocco or #Senegal, they would surely be transparent by letting stakeholders know how they intend to invest these funds in the various aspects of the game. But trust us, nothing of such would be disclosed. Please put them to the test.â€  I will do my best. ğŸ™‚","Feb 9, 2024 Â· 8:15 PM UTC",239,7
https://twitter.com/papilokanu/status/1756090601156567500#m,KAN U believe it ? Eyes on the #AFCON prize ğŸ† for the Nigerian Super Eagles this Sunday. Thanks to everyone out there who continues to support us and believes.  #totalenergiesafcon2023 @ng_supereagles ğŸ‡³ğŸ‡¬,"Feb 9, 2024 Â· 11:00 PM UTC",5141,67
https://twitter.com/NigeriaStories/status/1756214713124294962#m,Nigeria ğŸ‡³ğŸ‡¬ is bringing this home ğŸ   #AFCON2023 #AFCON2024 #AFCON,"Feb 10, 2024 Â· 7:13 AM UTC",9515,193
https://twitter.com/DrJohnBishop/status/1756186842263658607#m,Tonight is the 3rd place match between South Africa ğŸ‡¿ğŸ‡¦ and Democratic Republic of Congo ğŸ‡¨ğŸ‡©  Who are you supporting?  #AFCON2023Â  #AFCON #AFCON2024 #RSADRC,"Feb 10, 2024 Â· 5:22 AM UTC",5,2
https://twitter.com/Eagle1025FM/status/1756391146379460928#m,A trophy ğŸ† is on the line âš” A battle of bragging rights  A matchup that everything hinges on The Final of the tournament ğŸ”¥ğŸ”¥ Predict the correct scores between Nigeria vs Cote d'Ivoire as the face off at 9pm tomorrow ğŸ‡³ğŸ‡¬ğŸ¦… Predictions end at Kick Off #AFCON2023 #AFCON,"Feb 10, 2024 Â· 6:54 PM UTC",24,62
https://twitter.com/Feyishayo31/status/1756394694848716902#m,"I rebuke every ancestral eyes watching finals ğŸ‡³ğŸ‡¬ tomorrow, every village people eyes die by fire ğŸ”¥ ğŸ™ğŸ¾ #AFCON2024 #AFCONFinalsOnStarTimes #AFCON","Feb 10, 2024 Â· 7:08 PM UTC",0,0
https://twitter.com/KelechiAFC/status/1756233587379114258#m,Link up with the Legend @didierdrogba at the BAL in Abidjan event last night ğŸ”¥. @theBAL ğŸ‘ğŸ¾. Local Man is active âœŒğŸ¾. â€¢ #drogba #thebal #nigeria #cotedivoire #afcon #AFCON2023,"Feb 10, 2024 Â· 8:28 AM UTC",1000,10
https://twitter.com/wassuptimmy/status/1756394387825664461#m,They really paid The Undertaker millions of dollars for a 10 second walk ğŸ˜­ğŸ˜­ğŸ˜­ğŸ˜­ #AFCON #Leverkusen #RealMadrid #LUFC #girona,"Feb 10, 2024 Â· 7:07 PM UTC",0,0
https://twitter.com/BarOneRacing/status/1756394351180337563#m,"Among Sun's soccerâš½ï¸  #PremierLeague West Ham-Arsenal, 2pm & A Villa-Man Utd, 4.30pm 1 SCOT Prem', 2pm 1 ENG Ch'p, 12pm Women's #FACup ties #AFCON final, Nigeria-Ivory Coast, 8pm SCOT Cup, 2pm, St Mirren-Celtic, & 5pm #Laliga (Barca play at 8pm) #Bundesliga #Ligue1 games, & more","Feb 10, 2024 Â· 7:07 PM UTC",1,0
https://twitter.com/Omoolajide/status/1756393937755951571#m,Nigeria 0 Ivory Coast 0 #ActionBitters #iChooseAction #TakeAction #ActionGeng #Afcon,"Feb 10, 2024 Â· 7:05 PM UTC",0,0
https://twitter.com/kuwait_magix/status/1756382673243672773#m,Before we hear First President to win #AFCON Let me put it here clearly:  - Abacha won AFCON - Yaradua won AFCON - Goodluck Won AFCOn  The only thing @officialABAT has done first is to push hard drugs. Nothing more,"Feb 10, 2024 Â· 6:20 PM UTC",7,4
https://twitter.com/AdedoyinOyewo1/status/1756203112887386313#m,We are champions | We are One Nation | We are 9ja | We believe | ğŸ†ğŸ¦…ğŸ‡³ğŸ‡¬ #theforensicpolitics #AFCON #TeamNigeria,"Feb 10, 2024 Â· 6:27 AM UTC",136,29
https://twitter.com/davidchisomeje/status/1756393503460827230#m,Your Favourite Fireboy song is? ğŸ¤  #Davido #Afcon #Spyro #NoGreeForAnybody #IvoryCoast,"Feb 10, 2024 Â· 7:03 PM UTC",1,0
https://twitter.com/companion_ellis/status/1756393403678339453#m,Nigeria 0 - 0 Ivory Coast  #AFCON2023â€¯â€¯â€¯ #AFCON,"Feb 10, 2024 Â· 7:03 PM UTC",1,0
https://twitter.com/BosadeO45299/status/1756393342630309910#m,Full Penalty: Nigeria vs South Africa (AFCON Semi Final) 4-2 #football #afcon #nigeria - YouTube https://www.youtube.com/shorts/NmuGyrhqFRI,"Feb 10, 2024 Â· 7:02 PM UTC",0,0
https://twitter.com/choixdupeupl/status/1756284687033438303#m,Bonne chance Ã  nos Leopards. ğŸ‡¨ğŸ‡©ğŸ‡¨ğŸ‡©ğŸ‡¨ğŸ‡© #DRCongo #AFCON2023 #AFCON,"Feb 10, 2024 Â· 11:51 AM UTC",464,42
https://twitter.com/UnplayableZA/status/1755910358802301399#m,"ğ—œğ—™ ğ—¬ğ—¢ğ—¨ ğ—–ğ—”ğ—¡'ğ—§ ğ—•ğ—˜ğ—”ğ—§ ğ—§ğ—›ğ—˜ğ— ...  ""The standard of officiating set by this year's #AFCON is honestly staggering. It's like they invented it. The Premier League and all of Europe have a lot of learning to do,"" - Gary Neville.","Feb 9, 2024 Â· 11:03 AM UTC",2616,46
https://twitter.com/GOALAfrica/status/1749752409520247104#m,ğŸ‡¨ğŸ‡² Aboubakar ğŸ’ª ğŸ‡³ğŸ‡¬ Osimhen ğŸ‘‘ ğŸ‡ªğŸ‡¬ Salah ğŸª„ ğŸ‡¬ğŸ‡­ Kudus âš¡ï¸ ğŸ‡¸ğŸ‡³ Mane ğŸ”¥  Who's winning the Golden Bâš½ï¸âš½ï¸t this #Afcon? ğŸ†ğŸ¤”ğŸŒŸ #AFCON2023,"Jan 23, 2024 Â· 11:14 AM UTC",19086,438
https://twitter.com/ChibiteAmatam/status/1756392607473619168#m,Na you suppose to carry person like me  go this #AFCON final   You get di capacity,"Feb 10, 2024 Â· 7:00 PM UTC",0,0
https://twitter.com/PalaceBetZA/status/1756392591648858282#m,Back #BafanaBafana as they close off their #AFCON tournament on high against #DRCongo tonight at 22h00. Enjoy over 184 betting markets with #PalaceBet! Get in on the action and back your favorite with great odds. Register or Bet Now >> https://bit.ly/45QXMc2 #soccer #bet,"Feb 10, 2024 Â· 7:00 PM UTC",0,0
https://twitter.com/MamelloMakha11/status/1756389482562031642#m,South Africa vs Congo #BafanaBafana #AFCON2023 #AFCON #CAF,"Feb 10, 2024 Â· 6:47 PM UTC",1,1
https://twitter.com/devonkingsng/status/1756361759789666526#m,Tag any pot vendor you know that can deliver ğŸ˜….   We cook tomorrow ğŸ˜  #Football #DevonKings #Afcon2023 #Afcon #final,"Feb 10, 2024 Â· 4:57 PM UTC",7,2
https://twitter.com/EL_ASSORTED/status/1756362508447752430#m,A single RETWEET can go long way plz ğŸ™    30 30k âœ… â™¥  08144645555 Shop No 32B DID plaza opposite post office Adjacent to Area command police station Gra pz Zaria  #AFCON #AFCON2024 #Area1 Mia Khalifa Afcon2023 abu Abel it is done Monica kimani nurses he's 27 Ghana DSTV,"Feb 10, 2024 Â· 5:00 PM UTC",4,0
https://twitter.com/abdullahayofel/status/1756286751323119754#m,"""Captain @Ahmedmusa718 is special &  important to the team. He is my assistant, he advises me, he gives me the necessary support. He is committed in his role & he can play. We shall wait & see tomorrow, but we want to win the #AFCON for Musa to lift the trophy""  - Coach Peseiro ğŸ¦…ğŸ‡³ğŸ‡¬","Feb 10, 2024 Â· 11:59 AM UTC",92,0
https://twitter.com/EmusuJeremiah/status/1756390812684878317#m,Nigeria 1:0 Ivory coast #AFCON 2023,"Feb 10, 2024 Â· 6:52 PM UTC",0,0
https://twitter.com/osasuo/status/1756279708977619392#m,"â€œIf we win the #AFCON on Sunday, it will be a big moment in my life, because I and @omeruo22 will become the only #Nigerians to have won it twice, as players.â€ - @NGSuperEagles @Ahmedmusa718.","Feb 10, 2024 Â· 11:31 AM UTC",128,1
https://twitter.com/svahlinarn/status/1756390736927379754#m,Inte sett en sekund men nog luktar det?? #AFCON,"Feb 10, 2024 Â· 6:52 PM UTC",0,0
https://twitter.com/4evamaik/status/1756390521709215834#m,Nigeria 2: 1 Ivory Coast #ActionBitters #ChooseAction #Afcon,"Feb 10, 2024 Â· 6:51 PM UTC",0,0
https://twitter.com/nsidibeakpan23/status/1756390339303047240#m,The Super Eagles of Nigeria had their final training session this evening in Abidjan ahead of the 2023 AFCON finals against host Cote d'Ivoire.  Zaidu Sanusi back in training Victor Osimhen with tape on his lip Troost-Ekong managing his injury well  #NGACIV #AFCON2023 #AFCON,"Feb 10, 2024 Â· 6:51 PM UTC",2,1
https://twitter.com/Rushsportson2/status/1756390211108364684#m,Bafana Bafana Dressing rooms. ğŸ“¸  #AFCON2023 #TotalEnergiesAFCON2023 #AFCON23 #AFCON #BafanaPride #BafanaKaofela,"Feb 10, 2024 Â· 6:50 PM UTC",2,0
https://twitter.com/Henree_01/status/1756390140237287727#m,Do Muslims type Omg or Oma ??  Just curious  #fyp #viral #30BG #AFCON,"Feb 10, 2024 Â· 6:50 PM UTC",0,0
https://twitter.com/wenzo_sa/status/1756389756550734075#m,Pull them outğŸ”¥#Afcon to the world ğŸš€ğŸš€ğŸš€ @AfricaFactsZone,"Feb 10, 2024 Â· 6:48 PM UTC",1,1
https://twitter.com/EL_ASSORTED/status/1756386079521824919#m,A single RETWEET can go long way plz ğŸ™    30 30k âœ… â™¥  08144645555 Shop No 32B DID plaza opposite post office Adjacent to Area command police station Gra pz Zaria  #AFCON #AFCON2024 Mia Khalifa Afcon2023 abu Abel it is done Monica kimani nurses he's 27 Ghana DSTV,"Feb 10, 2024 Â· 6:34 PM UTC",2,1
https://twitter.com/YELL0MAN/status/1755989229786554709#m,"Fmr AmaZulu player Thabo Mabaso: ""Sundowns players saved SAğŸ‡¿ğŸ‡¦ frm embarrassment at Afcon,Bafana are nothing without Sundowns players. Thank u Sundowns for implementing proper structures at Chloorkop without ur work,we wouldnâ€™t have reached this stage of #AFCON competition""","Feb 9, 2024 Â· 4:17 PM UTC",406,20
https://twitter.com/daves4reel/status/1756389503990718758#m,God abeg as we don make mouth make we win #AFCON make we know say we no make mouth for nothing ğŸ‡³ğŸ‡¬  #AFCAsianCup2023,"Feb 10, 2024 Â· 6:47 PM UTC",0,0
https://twitter.com/NeKhe_funny/status/1755903476649918474#m,Them need glasses join to see roadğŸ˜¹ğŸ¤£ğŸ‡³ğŸ‡¬ğŸ’ªğŸ‡¿ğŸ‡¦ . . #viral #SouthAfrica #Afcon #trend #reels #viral #viralvideo #new #first #kaduna #Lagos #x,"Feb 9, 2024 Â· 10:36 AM UTC",5,0
https://twitter.com/Hackanji_/status/1756389223739838579#m,Nigeria 1-0 Ivory Coast  #AFCON2023â€¯â€¯â€¯ #AFCON #AFCONFinal,"Feb 10, 2024 Â· 6:46 PM UTC",0,0
https://twitter.com/johnmubiru4/status/1756388874127839396#m,IvoryCoast 2: 1 Nigeria.  #AFCON,"Feb 10, 2024 Â· 6:45 PM UTC",0,0
https://twitter.com/niyfh_1/status/1756388838090359268#m,Clear the road for #supereagles #afcon #AFCON2023 #AFCONFinalsOnStarTimes #AFCONFinal #SouthAfrican #chudai,"Feb 10, 2024 Â· 6:45 PM UTC",0,0
https://twitter.com/CocoaButterma/status/1756324991048565068#m,Itâ€™s timeEeeeeee (Mariah Carey voice) to join us for another space today scheduled 10pm GMT+1/ 9pm GMT. Come through and share it with a friend. Meet @cessadelove @JusKingss and I on space. #singleinthecity #dating #findlove #love #singles #AFCON,"Feb 10, 2024 Â· 2:31 PM UTC",19,7
https://twitter.com/plumeliberte1/status/1756388272421437764#m,| ğŸ‡³ğŸ‡¬ | ğŸ‡¨ğŸ‡® | Who is the favorite to win the Africa Cup of Nations (CAN) in 2023?  Qui est le favori pour gagner la Coupe d'Afrique des Nations (CAN) en 2023 ?  #AFCON2023â€¯â€¯â€¯  #AFCON #CAN2023â€¯â€¯â€¯  #NigeriaVsIvoryCoast #CAN2024 #football,"Feb 10, 2024 Â· 6:42 PM UTC",1,0
https://twitter.com/abujaoutsiders/status/1756369352981422217#m,We are calling it a Victory Party for a reason ğŸ†  Yâ€™all come party with your friends and watch our historic Final Match Tomorrow ğŸ™Œâ¤ï¸ğŸ’œğŸ†ğŸ™Œ  #Afcon #Afconfinals,"Feb 10, 2024 Â· 5:27 PM UTC",1,0
https://twitter.com/heishillerboy/status/1756388107568533571#m,Girl dey tell you about her Rape incident your prick dey standğŸ˜‚ğŸ˜‚  Hommie:E dey stand for justice ğŸ˜‚ğŸ˜‚  #ElectionResults2024 #PakistanElections2024 #Afronita #afcon  (Afcon Ruger Drake Super eagles),"Feb 10, 2024 Â· 6:42 PM UTC",1,0
https://twitter.com/SammAudusoka/status/1756388065986166971#m,Peseiro: Super Eagles will fight to win AFCON https://scorenigeria.com.ng/peseiro-super-eagles-will-fight-to-win-afcon/ #AFCON #AFCON2023 #superEagles #SoarSuperEagles #letsdoitagain #Osimhen #AhmedMusa #IvoryCoast #CoteDIvoire #Nigeria #football,"Feb 10, 2024 Â· 6:42 PM UTC",1,0
https://twitter.com/BoitumeloDaphn2/status/1756388026446492073#m,IVORY COAST ğŸ‡¨ğŸ‡® TO VICTORY âš½ï¸  #AFCON #1Voucher,"Feb 10, 2024 Â· 6:41 PM UTC",0,0
https://twitter.com/1Voucher_za/status/1755926121789489362#m,"Predict the winning team of AFCON for a chance to WIN 1 of 10 x R50 1Vouchers! ğŸ†  Will it be Nigeria or Ivory Coast securing the victory on Sunday, 11 February? âš½  Tell us in the comments!  #AFCON #NigeriaVsIvoryCoast #1Voucher","Feb 9, 2024 Â· 12:06 PM UTC",231,302
https://twitter.com/DStvNg/status/1745106495736254928#m,ğŸ‡³ğŸ‡¬No gree for anybody!   Watch all 52 matches of the #afcon2023 on @supersports #Afcon #DStvnigeria #supereagles,"Jan 10, 2024 Â· 3:33 PM UTC",6831,1354
https://twitter.com/Engr_SamAyeni/status/1756386942441095623#m,And our president wants to go and watch #Afcon Final,"Feb 10, 2024 Â· 6:37 PM UTC",1,0
https://twitter.com/NigeriaInfoPH/status/1756386851256987685#m,The third place of the #AFCON between #SouthAfrica and #DRCongo takes place tonight.  Join @iamEkpo as he brings to you live commentary of the game.  Brought to you by @magbetsng @theskirtbrands  ğŸ“»Listen: nigeriainfo.fm/port-harcourtâ€¦ . #AFCON2023 #skirtbrands #betnodeyfinish,"Feb 10, 2024 Â· 6:37 PM UTC",1,0
https://twitter.com/JOLLEDmedia/status/1756386697070231554#m,"The last time Nigeria ğŸ‡³ğŸ‡¬ won AFCON was 2013. Nigeria defeated Burkina Faso 1-0 to win their third Africa Cup of Nations (#AFCON), sparking wide celebrations across Nigeria ğŸ‡³ğŸ‡¬   #AFCON2023â€¯â€¯â€¯ #SuperEagles #AFCONFinal","Feb 10, 2024 Â· 6:36 PM UTC",0,0
https://twitter.com/YELL0MAN/status/1756042213258047800#m,"Rulani Mokwena has evolved majorly, & created #Sundowns 2be peerless monster.The master  Grateful good,classy man like Rulani is our Coach.He Knows when & how to lead.He rule African football. No one comes close.  The Gaffer  #Sundowns #SouthAfrica #BafanaBafana #Afcon #DStvPrem","Feb 9, 2024 Â· 7:47 PM UTC",96,4
https://twitter.com/EL_ASSORTED/status/1756385656845082987#m,A single RETWEET can go long way plz ğŸ™    30 30k âœ… â™¥  08144645555 Shop No 32B DID plaza opposite post office Adjacent to Area command police station Gra pz Zaria  #AFCON #AFCON2024 Mia Khalifa Afcon2023 abu Abel it is done Monica kimani nurses he's 27 Ghana DSTV,"Feb 10, 2024 Â· 6:32 PM UTC",2,1
https://twitter.com/bjamila03/status/1756385503056671173#m,ğŸ‡¿ğŸ‡¦ for the win tonight #AFCON,"Feb 10, 2024 Â· 6:31 PM UTC",0,0
https://twitter.com/Im_Buhari_Jnr/status/1756382392653111690#m,"YOU'RE A DEADLY ILLITERATE. Reckless journalistğŸ‘º Read below ğŸ‘‡  The last time Nigeria ğŸ‡³ğŸ‡¬ won AFCON was 2013. Nigeria defeated Burkina Faso 1-0 to win their third Africa Cup of Nations (#AFCON), sparking wide celebrations across Nigeria ğŸ‡³ğŸ‡¬  #AFCON2023â€¯ #SuperEagles #AFCONFinal","Feb 10, 2024 Â· 6:19 PM UTC",5,2
https://twitter.com/Yincar/status/1756357437773246672#m,"I think it's safe to say that this is the best #AFCON ever.  The football, the officiating, the banter, the exposure, the results and others have been so good ğŸ‘","Feb 10, 2024 Â· 4:40 PM UTC",5,1
https://twitter.com/Ahmadsmartty/status/1756263534428660213#m,Predict the outcome of Nigeria ğŸ‡³ğŸ‡¬ Ivory Coast ğŸ‡¨ğŸ‡® match tomorrow and win Big prizes!!!   First Correct Prediction Wins!!  NOTE: Must be following me for prediction to be valid! Letâ€™s go  #CAF #AFCON #Nigeria #NGACIV,"Feb 10, 2024 Â· 10:27 AM UTC",56,93
https://twitter.com/BBCSport/status/1754240912199139736#m,But... penalties don't normally play out like this! ğŸ˜¯  #AFCON #BBCFootball,"Feb 4, 2024 Â· 8:30 PM UTC",225,7
https://twitter.com/investosam/status/1756385126072598913#m,Nigeria 1-0 CÃ´te dâ€™Ivoire   #TheRealBurgerExperience #BurgerKingNigeria #AFCON,"Feb 10, 2024 Â· 6:30 PM UTC",0,0
https://twitter.com/ChinduIdie2982/status/1756385109299585194#m,"There's no sin in watching replayed matches o. Please if you have BP or any cardiovascular issues, avoid tomorrow's match. Better still sleepğŸ˜´ğŸ’¤ within the period of the match. You'd still know the outcome of the match when you're awake.   #AFCON #victory âœŒğŸ†ğŸ†ğŸ†ğŸ†ğŸ‰","Feb 10, 2024 Â· 6:30 PM UTC",1,0
https://twitter.com/EL_ASSORTED/status/1756236789671514396#m,A single RETWEET can go long way plz ğŸ™    15 15k âœ… â™¥  08144645555 Shop No 32B DID plaza opposite post office Adjacent to Area command police station Gra pz Zaria  #AFCON #AFCON2024 Mia Khalifa Afcon2023 abu Abel it is done Monica kimani nurses he's 27 Ghana DSTV,"Feb 10, 2024 Â· 8:40 AM UTC",10,0
https://twitter.com/mtantele1/status/1756384985571807320#m,Ivory coast to win #AFCON 2024,"Feb 10, 2024 Â· 6:29 PM UTC",0,0
https://twitter.com/thecableng/status/1756218655241634207#m,"Tinubu will watch AFCON final in Ivory Coast, says CAF president | TheCable https://www.thecable.ng/tinubu-will-watch-afcon-final-in-ivory-coast-says-caf-president/amp #AFCON","Feb 10, 2024 Â· 7:28 AM UTC",61,10
https://twitter.com/iammutiu8/status/1756017461017661703#m,I was with @rtalkwithkike at Silverbird Tv to discuss @NGSuperEagles #AFCON2023 performances and an imminent 4th #afcon title.   Here are excerpts from the discussion.,"Feb 9, 2024 Â· 6:09 PM UTC",9,1
https://twitter.com/Refiloe65351353/status/1756384657321419214#m,Nigeria ğŸ‡³ğŸ‡¬âš½ï¸ğŸ†  #AFCON #NigeriaVsIvoryCoast #1Voucher,"Feb 10, 2024 Â· 6:28 PM UTC",0,0
https://twitter.com/Ibouatt41/status/1756384656344359031#m,Ils sont enfin de retour de suspension et disponible pour la finale face au NigÃ©ria  âœ… Serge Aurier âœ… Odilon Kossonou âœ… Oumar DiakitÃ© âœ… Christian KouamÃ©  #CoteDIvoire #AFCON #players #CAN2024,"Feb 10, 2024 Â· 6:28 PM UTC",0,0
https://twitter.com/YELL0MAN/status/1756032767127699667#m,"ğ—•ğ—¥ğ—˜ğ—”ğ—ğ—œğ—¡ğ—š  ğŸ‡¿ğŸ‡¦ Bafana Bafana midfielder, Teboho Mokoena is out with suspected injury. Couldn't continue with training tonight!â›”  We wish him speedy recovery.Get well soon king  #Sundowns #AFCON #BafanaBafana #SouthAfrica","Feb 9, 2024 Â· 7:10 PM UTC",175,5
https://twitter.com/DNTactions/status/1756348357516140704#m,Last game! Do your best! ğŸ‘ŠğŸ¾  #LÃ©opards ğŸ†ğŸ‡¨ğŸ‡© #CAN #AFCON,"Feb 10, 2024 Â· 4:04 PM UTC",15,1
https://twitter.com/HERTZ5O/status/1756339415406845995#m,"Here comes a full OFF-GRID (with no NEPA/Generator) setup of 5kw Inverter,2 no.of 5.2kwh Lithium Ion Battery;5.6KW Solar charging source..What it's powering;2no.of Ac,Fridge-Freezer,All lighting and Electronics (3TV,sounds,Decoder).#Solar #Nigeria #Afcon #Lagos #Ibadan #Inverter","Feb 10, 2024 Â· 3:28 PM UTC",5,2
https://twitter.com/Soleada_Miko/status/1756380445225468108#m,Of course Iâ€™m a Liberian ğŸ‡±ğŸ‡· I jeh gotta be pretty ğŸ˜   #LiemaPansti #KhosiTwala #liberian #bbmzansi #Nwabali #AFCON #ZeeDominators,"Feb 10, 2024 Â· 6:11 PM UTC",1,0
https://twitter.com/ibrahimobileye/status/1756366041238712413#m,"What Value Will A Plot Of Land Close To Lagos Film City And Africaâ€™s Largest Food & Logistics Hub Add To You By 2030â“  ğŸš¨Valentine Special OfferğŸš¨ Valid Till 15th Feb, 2024.  Up To 12 Months Payment Plan Available   ANORA CITY ğŸ™ï¸ğŸŒ†ğŸŒƒ   ğŸ“Ketu, Epe Lagos.  #NGACIV #RSACOD #AFCON","Feb 10, 2024 Â· 5:14 PM UTC",2,3
https://twitter.com/_chiefagbabiaka/status/1756355215551336766#m,"""Captain @Ahmedmusa718 is special &  important to the team. He is my assistant, he advises me, he gives me the necessary support. He is committed in his role & he can play. We shall wait & see tomorrow, but we want to win the #AFCON for Musa to lift the trophy""-Coach Peseiro ğŸ¦…ğŸ‡³ğŸ‡¬","Feb 10, 2024 Â· 4:31 PM UTC",12,0
https://twitter.com/surebet247ng/status/1756383417757786178#m,South Africa and DR Congo will look to bounce back from their defeats in the Africa Cup of Nations semi-final when they contest the third-place play-off later today.  Who will win?  Bet now at surebet247.com.  #AFCON2023 #AFCON #surebet247 #surebet,"Feb 10, 2024 Â· 6:23 PM UTC",0,0
https://twitter.com/Nhelomma/status/1756383088790163567#m,Re-creating for #Afcon matchğŸ¤­,"Feb 10, 2024 Â· 6:22 PM UTC",0,0
https://twitter.com/22bet_zambia/status/1756383018283855913#m,"Ta fika ku ma finals imwe ba Zed  -our very own Diane Chikotesha has been appointed second assistant referee during the final match #AFCON, Pitting hosts Ivory Coast against neighbours Nigeria   Who will lift it ğŸ†? What are your thoughts ğŸ¤”   #Zambiakuchalo #Finals #TotalEnergiesAFCON2023â€¯â€¯â€¯ #Switchto22bet #22Bet","Feb 10, 2024 Â· 6:21 PM UTC",0,1
https://twitter.com/Bboxx_Nigeria/status/1756243162849218654#m,"Soaring with pride! ğŸ‡³ğŸ‡¬âš½ Let's soar to victory, Super Eagles!   #AFCONFinal #NaijaPride #bboxxnigeria #bboxx #solar #9ja #AFCON2023 #Afcon","Feb 10, 2024 Â· 9:06 AM UTC",4,0
https://twitter.com/NdhluksM/status/1756382815283745271#m,"Gary Neville has applauded referees at the Africa Cup of Nations in Ivory Coast. He has been left impressed by the use of the Video Assistant Referee (VAR) by officials of the tournament, withÂ #AFCONÂ yet to record a controversy from the use of the technology. #AFCON2023","Feb 10, 2024 Â· 6:21 PM UTC",0,0
https://twitter.com/BittersweetNow/status/1756382774997463413#m,Which #SuperEagles team would you choose for an #AFCON final? #nigeria #ivorycoast #AFCONFINAL #bittersweetsports #IVONIG #AFCON2023,"Feb 10, 2024 Â· 6:21 PM UTC",0,0
https://twitter.com/dedarkscreep/status/1756382581703000370#m,"Access Holdings CEO, Herbert Wigwe, Five Others Die In Helicopter Crash In California  #AFCON drake","Feb 10, 2024 Â· 6:20 PM UTC",0,0
https://twitter.com/EmmanuelSimire1/status/1756381845220983020#m,I wish he could show tomao for the final...ğŸ‘€  #Ronaldo #AFCON #football,"Feb 10, 2024 Â· 6:17 PM UTC",0,0
https://twitter.com/KkondeLee/status/1756381799339459064#m,Nigeria 1:0 Ivory Coast #AFCON,"Feb 10, 2024 Â· 6:17 PM UTC",0,0
https://twitter.com/JonathanNwachu9/status/1756381571832000653#m,Nigeria ğŸ‡³ğŸ‡¬ is bringing this home ğŸ   #AFCON2023â€¯â€¯â€¯ #AFCON2024 #AFCON,"Feb 10, 2024 Â· 6:16 PM UTC",0,0
https://twitter.com/vasalink/status/1756318232128958842#m,"The stage is set, the crowd is roaring, and the teams are ready to battle it out for the ultimate AFCON-23 trophy! ğŸ†   Who will emerge victorious in the thrilling showdown of the #AFCON 2023 Final?   Tune in and witness the drama unfold! ğŸ™Œ  ...","Feb 10, 2024 Â· 2:04 PM UTC",24,22
https://twitter.com/KelechiAFC/status/1755918853651996890#m,Went to congratulate my boys after a job well done against South Africa. Work continues to the final ğŸ‘ŠğŸ¾ğŸ‡³ğŸ‡¬. â€¢ #supereagles #afcon #nigeria #ivorycoast #afcon2023,"Feb 9, 2024 Â· 11:37 AM UTC",3213,61
https://twitter.com/VilanosAgents/status/1756381264972484786#m,"ğŸ—For Sale Residential Land inğŸ“Palodia area,Limassol, Cyprus â–ªï¸ğŸ’¶â‚¬ 780,000 â–ªğŸ“Plot area 4,683 SQMâ–ªï¸ğŸ§± 40% ğŸ”¹Code: 0001 â˜ï¸Call Us On 25-771188 #cyprus #agency #realtor #residentialproperty #property #selling #property #forsale #land #New  Tucker #afcon #listing #realty #tiktok","Feb 10, 2024 Â· 6:15 PM UTC",0,0
https://twitter.com/answer_ace/status/1756379752188014946#m,Free haircut to the first 5 clients on Monday  If Nigeria wins the #AFCON ğŸ† âš½ï¸,"Feb 10, 2024 Â· 6:08 PM UTC",8,0
https://twitter.com/MFF247/status/1756381027616858590#m,@djkaywise Check out some of the giveaways we've had on Twitter this week. I encourage you to follow Kaywise Foundation. I'm also planning to have the team respond to some comments on my previous post. Thank you to everyone for your support! #KaywiseFoundation #JoorNation #AFCON,"Feb 10, 2024 Â· 6:14 PM UTC",0,0
https://twitter.com/CapeFrontier/status/1756380958930952372#m,"Following a stunning run to the #AFCON semi-finals, #SouthAfrica's #BafanaBafana are set to return with a hefty prize. The squad overcame odds, improved rankings, and brought hope to the nation. Arrival details now confirmed. #Soccer #NationalTeam ğŸ‡¿ğŸ‡¦âš½ï¸ https://www.SatoriNews.com/articles/2024-02-10/bafana-bafanas-triumphant-return-and-rising-expectations-after-afcon-180641","Feb 10, 2024 Â· 6:13 PM UTC",0,0
https://twitter.com/Little_witty/status/1756380858687107089#m,Itâ€™s how we as #Nigerians are just taking the #inflation with an â€œit is well spiritâ€. We had better start speaking. Things are going left and weâ€™re keeping calm and being resilient. God abeg ooooo  #VeekeeJames #mummyzee #afcon #supereagles #Nigeria #Tinubu,"Feb 10, 2024 Â· 6:13 PM UTC",0,0
https://twitter.com/eromzyyy/status/1756380462287659174#m,Are you mentally ready to watch tomorrow match? #AFCON #supereaglesofnigeria,"Feb 10, 2024 Â· 6:11 PM UTC",0,0
https://twitter.com/JoJoDaGunner/status/1756380417031065895#m,Nigeria to win 3:0 tomorrow bet!âœğŸ½ğŸ’šğŸ‡³ğŸ‡¬  #mbah #AFCON #nigeria,"Feb 10, 2024 Â· 6:11 PM UTC",1,0
https://twitter.com/pagefinancials/status/1756380028651143592#m,Head over to our Instagram page now and join the excitement! Drop your score predictions in the comment section for a chance to win a fabulous prize  #afcon #football #pagefinancials #nigeria #ivorycoast,"Feb 10, 2024 Â· 6:10 PM UTC",0,0
